{
    "metrics": {
        "average": {
            "backward_relative_penalty": 0.4090909090909091,
            "count_backward": 9.0,
            "posterior_parent_ratio": 0.4
        },
        "best": {
            "backward_relative_penalty": 0.4090909090909091,
            "count_backward": 9,
            "posterior_parent_ratio": 0.4
        }
    },
    "permutation_map": {
        "9-0-1-4-11-15-16-19-17-8-3-5-7-12-18-6-13-2-14-10": 1.0
    },
    "most_common_permutation": "9-0-1-4-11-15-16-19-17-8-3-5-7-12-18-6-13-2-14-10"
}