{
    "metrics": {
        "average": {
            "backward_relative_penalty": 0.21052631578947367,
            "count_backward": 4.0,
            "posterior_parent_ratio": 0.2
        },
        "best": {
            "backward_relative_penalty": 0.21052631578947367,
            "count_backward": 4,
            "posterior_parent_ratio": 0.2
        }
    },
    "permutation_map": {
        "17-19-0-10-12-11-18-2-3-6-13-1-16-5-14-4-7-15-9-8": 1.0
    },
    "most_common_permutation": "17-19-0-10-12-11-18-2-3-6-13-1-16-5-14-4-7-15-9-8"
}