{
    "metrics": {
        "average": {
            "backward_relative_penalty": 0.4230769230769231,
            "count_backward": 11.0,
            "posterior_parent_ratio": 0.5
        },
        "best": {
            "backward_relative_penalty": 0.4230769230769231,
            "count_backward": 11,
            "posterior_parent_ratio": 0.5
        }
    },
    "permutation_map": {
        "9-11-6-10-8-2-7-18-5-15-12-19-17-4-3-14-16-13-0-1": 1.0
    },
    "most_common_permutation": "9-11-6-10-8-2-7-18-5-15-12-19-17-4-3-14-16-13-0-1"
}