{
    "metrics": {
        "average": {
            "backward_relative_penalty": 0.15789473684210525,
            "count_backward": 3.0,
            "posterior_parent_ratio": 0.15
        },
        "best": {
            "backward_relative_penalty": 0.15789473684210525,
            "count_backward": 3,
            "posterior_parent_ratio": 0.15
        }
    },
    "permutation_map": {
        "17-16-0-18-14-2-3-13-7-6-10-5-4-11-1-9-8-12-19-15": 1.0
    },
    "most_common_permutation": "17-16-0-18-14-2-3-13-7-6-10-5-4-11-1-9-8-12-19-15"
}