{
    "metrics": {
        "average": {
            "backward_relative_penalty": 0.17647058823529413,
            "count_backward": 3.0,
            "posterior_parent_ratio": 0.2727272727272727
        },
        "best": {
            "backward_relative_penalty": 0.17647058823529413,
            "count_backward": 3,
            "posterior_parent_ratio": 0.2727272727272727
        }
    },
    "permutation_map": {
        "7-8-4-2-0-1-9-6-3-10-5": 1.0
    },
    "most_common_permutation": "7-8-4-2-0-1-9-6-3-10-5"
}