{
    "metrics": {
        "average": {
            "backward_relative_penalty": 0.23529411764705882,
            "count_backward": 4.0,
            "posterior_parent_ratio": 0.2727272727272727
        },
        "best": {
            "backward_relative_penalty": 0.23529411764705882,
            "count_backward": 4,
            "posterior_parent_ratio": 0.2727272727272727
        }
    },
    "permutation_map": {
        "0-2-7-8-4-9-1-3-6-10-5": 1.0
    },
    "most_common_permutation": "0-2-7-8-4-9-1-3-6-10-5"
}