{
    "metrics": {
        "average": {
            "backward_relative_penalty": 0.09090909090909091,
            "count_backward": 2.0,
            "posterior_parent_ratio": 0.05
        },
        "best": {
            "backward_relative_penalty": 0.09090909090909091,
            "count_backward": 2,
            "posterior_parent_ratio": 0.05
        }
    },
    "permutation_map": {
        "10-18-9-8-3-1-14-16-5-13-7-11-17-4-12-6-15-0-19-2": 1.0
    },
    "most_common_permutation": "10-18-9-8-3-1-14-16-5-13-7-11-17-4-12-6-15-0-19-2"
}