{
    "metrics": {
        "average": {
            "backward_relative_penalty": 0.21739130434782608,
            "count_backward": 5.0,
            "posterior_parent_ratio": 0.25
        },
        "best": {
            "backward_relative_penalty": 0.21739130434782608,
            "count_backward": 5,
            "posterior_parent_ratio": 0.25
        }
    },
    "permutation_map": {
        "14-0-2-3-8-17-19-13-16-6-4-10-18-1-5-15-7-9-12-11": 1.0
    },
    "most_common_permutation": "14-0-2-3-8-17-19-13-16-6-4-10-18-1-5-15-7-9-12-11"
}