{
    "metrics": {
        "average": {
            "backward_relative_penalty": 0.35294117647058826,
            "count_backward": 6.0,
            "posterior_parent_ratio": 0.45454545454545453
        },
        "best": {
            "backward_relative_penalty": 0.35294117647058826,
            "count_backward": 6,
            "posterior_parent_ratio": 0.45454545454545453
        }
    },
    "permutation_map": {
        "0-7-2-9-4-8-6-3-5-1-10": 1.0
    },
    "most_common_permutation": "0-7-2-9-4-8-6-3-5-1-10"
}