{
    "metrics": {
        "average": {
            "backward_relative_penalty": 0.42600000000000005,
            "count_backward": 1.278
        },
        "best": {
            "backward_relative_penalty": 0.3333333333333333,
            "count_backward": 1
        }
    },
    "permutation_map": {
        "0-1-2": 0.344,
        "0-2-1": 0.147,
        "1-0-2": 0.177,
        "1-2-0": 0.067,
        "2-0-1": 0.151,
        "2-1-0": 0.114
    },
    "most_common_permutation": "0-1-2"
}