{
    "metrics": {
        "average": {
            "backward_relative_penalty": 0.42500000000000004,
            "count_backward": 1.275
        },
        "best": {
            "backward_relative_penalty": 0.3333333333333333,
            "count_backward": 1
        }
    },
    "permutation_map": {
        "0-1-2": 0.33,
        "0-2-1": 0.162,
        "1-0-2": 0.159,
        "1-2-0": 0.065,
        "2-0-1": 0.136,
        "2-1-0": 0.148
    },
    "most_common_permutation": "0-1-2"
}