{
    "metrics": {
        "average": {
            "backward_relative_penalty": 0.3966666666666665,
            "count_backward": 1.19
        },
        "best": {
            "backward_relative_penalty": 0.3333333333333333,
            "count_backward": 1
        }
    },
    "permutation_map": {
        "0-1-2": 0.332,
        "0-2-1": 0.19,
        "1-0-2": 0.145,
        "1-2-0": 0.066,
        "2-0-1": 0.164,
        "2-1-0": 0.103
    },
    "most_common_permutation": "0-1-2"
}