{
    "metrics": {
        "average": {
            "backward_relative_penalty": 0.3886666666666666,
            "count_backward": 1.1659999999999997
        },
        "best": {
            "backward_relative_penalty": 0.3333333333333333,
            "count_backward": 1
        }
    },
    "permutation_map": {
        "0-1-2": 0.34,
        "0-2-1": 0.198,
        "1-0-2": 0.142,
        "1-2-0": 0.065,
        "2-0-1": 0.163,
        "2-1-0": 0.092
    },
    "most_common_permutation": "0-1-2"
}