{
    "metrics": {
        "average": {
            "backward_relative_penalty": 0.4023333333333333,
            "count_backward": 1.2069999999999999
        },
        "best": {
            "backward_relative_penalty": 0.3333333333333333,
            "count_backward": 1
        }
    },
    "permutation_map": {
        "0-1-2": 0.33,
        "0-2-1": 0.189,
        "1-0-2": 0.159,
        "1-2-0": 0.076,
        "2-0-1": 0.161,
        "2-1-0": 0.085
    },
    "most_common_permutation": "0-1-2"
}