{
    "metrics": {
        "average": {
            "backward_relative_penalty": 0.3946666666666665,
            "count_backward": 1.1839999999999997
        },
        "best": {
            "backward_relative_penalty": 0.3333333333333333,
            "count_backward": 1
        }
    },
    "permutation_map": {
        "0-1-2": 0.347,
        "0-2-1": 0.166,
        "1-0-2": 0.164,
        "1-2-0": 0.04,
        "2-0-1": 0.177,
        "2-1-0": 0.106
    },
    "most_common_permutation": "0-1-2"
}