{
    "metrics": {
        "average": {
            "backward_relative_penalty": 0.3986666666666665,
            "count_backward": 1.196
        },
        "best": {
            "backward_relative_penalty": 0.3333333333333333,
            "count_backward": 1
        }
    },
    "permutation_map": {
        "0-1-2": 0.33,
        "0-2-1": 0.181,
        "1-0-2": 0.161,
        "1-2-0": 0.058,
        "2-0-1": 0.17,
        "2-1-0": 0.1
    },
    "most_common_permutation": "0-1-2"
}