{
    "metrics": {
        "average": {
            "backward_relative_penalty": 0.3989999999999999,
            "count_backward": 1.1969999999999996
        },
        "best": {
            "backward_relative_penalty": 0.3333333333333333,
            "count_backward": 1
        }
    },
    "permutation_map": {
        "0-1-2": 0.31,
        "0-2-1": 0.193,
        "1-0-2": 0.16,
        "1-2-0": 0.062,
        "2-0-1": 0.169,
        "2-1-0": 0.106
    },
    "most_common_permutation": "0-1-2"
}