{
    "metrics": {
        "average": {
            "backward_relative_penalty": 0.4020000000000001,
            "count_backward": 1.2060000000000002
        },
        "best": {
            "backward_relative_penalty": 0.3333333333333333,
            "count_backward": 1
        }
    },
    "permutation_map": {
        "0-1-2": 0.323,
        "0-2-1": 0.189,
        "1-0-2": 0.172,
        "1-2-0": 0.067,
        "2-0-1": 0.16,
        "2-1-0": 0.089
    },
    "most_common_permutation": "0-1-2"
}