{
    "metrics": {
        "average": {
            "backward_relative_penalty": 0.40466666666666656,
            "count_backward": 1.2139999999999997
        },
        "best": {
            "backward_relative_penalty": 0.3333333333333333,
            "count_backward": 1
        }
    },
    "permutation_map": {
        "0-1-2": 0.316,
        "0-2-1": 0.182,
        "1-0-2": 0.164,
        "1-2-0": 0.059,
        "2-0-1": 0.165,
        "2-1-0": 0.114
    },
    "most_common_permutation": "0-1-2"
}