{
    "metrics": {
        "average": {
            "backward_relative_penalty": 0.3523333333333333,
            "count_backward": 1.057
        },
        "best": {
            "backward_relative_penalty": 0.3333333333333333,
            "count_backward": 1
        }
    },
    "permutation_map": {
        "0-1-2": 0.33,
        "0-2-1": 0.226,
        "1-0-2": 0.124,
        "1-2-0": 0.037,
        "2-0-1": 0.198,
        "2-1-0": 0.085
    },
    "most_common_permutation": "0-1-2"
}