{
    "metrics": {
        "average": {
            "backward_relative_penalty": 0.3949999999999999,
            "count_backward": 1.1849999999999998
        },
        "best": {
            "backward_relative_penalty": 0.3333333333333333,
            "count_backward": 1
        }
    },
    "permutation_map": {
        "0-1-2": 0.328,
        "0-2-1": 0.188,
        "1-0-2": 0.157,
        "1-2-0": 0.06,
        "2-0-1": 0.171,
        "2-1-0": 0.096
    },
    "most_common_permutation": "0-1-2"
}