{
    "metrics": {
        "average": {
            "backward_relative_penalty": 0.42366666666666664,
            "count_backward": 1.2710000000000001
        },
        "best": {
            "backward_relative_penalty": 0.3333333333333333,
            "count_backward": 1
        }
    },
    "permutation_map": {
        "0-1-2": 0.371,
        "0-2-1": 0.139,
        "1-0-2": 0.162,
        "1-2-0": 0.058,
        "2-0-1": 0.138,
        "2-1-0": 0.132
    },
    "most_common_permutation": "0-1-2"
}