{
    "metrics": {
        "average": {
            "backward_relative_penalty": 0.3969999999999999,
            "count_backward": 1.191
        },
        "best": {
            "backward_relative_penalty": 0.3333333333333333,
            "count_backward": 1
        }
    },
    "permutation_map": {
        "0-1-2": 0.313,
        "0-2-1": 0.194,
        "1-0-2": 0.184,
        "1-2-0": 0.048,
        "2-0-1": 0.156,
        "2-1-0": 0.105
    },
    "most_common_permutation": "0-1-2"
}