{
    "metrics": {
        "average": {
            "backward_relative_penalty": 0.41433333333333333,
            "count_backward": 1.243
        },
        "best": {
            "backward_relative_penalty": 0.3333333333333333,
            "count_backward": 1
        }
    },
    "permutation_map": {
        "0-1-2": 0.303,
        "0-2-1": 0.175,
        "1-0-2": 0.169,
        "1-2-0": 0.065,
        "2-0-1": 0.169,
        "2-1-0": 0.119
    },
    "most_common_permutation": "0-1-2"
}