{
    "metrics": {
        "average": {
            "backward_relative_penalty": 0.3993333333333332,
            "count_backward": 1.198
        },
        "best": {
            "backward_relative_penalty": 0.3333333333333333,
            "count_backward": 1
        }
    },
    "permutation_map": {
        "0-1-2": 0.324,
        "0-2-1": 0.182,
        "1-0-2": 0.162,
        "1-2-0": 0.057,
        "2-0-1": 0.171,
        "2-1-0": 0.104
    },
    "most_common_permutation": "0-1-2"
}