{
    "metrics": {
        "average": {
            "backward_relative_penalty": 0.3839999999999999,
            "count_backward": 1.152
        },
        "best": {
            "backward_relative_penalty": 0.3333333333333333,
            "count_backward": 1
        }
    },
    "permutation_map": {
        "0-1-2": 0.325,
        "0-2-1": 0.202,
        "1-0-2": 0.158,
        "1-2-0": 0.051,
        "2-0-1": 0.17,
        "2-1-0": 0.094
    },
    "most_common_permutation": "0-1-2"
}