{
    "metrics": {
        "average": {
            "backward_relative_penalty": 0.3833333333333332,
            "count_backward": 1.15
        },
        "best": {
            "backward_relative_penalty": 0.3333333333333333,
            "count_backward": 1
        }
    },
    "permutation_map": {
        "0-1-2": 0.314,
        "0-2-1": 0.213,
        "1-0-2": 0.143,
        "1-2-0": 0.058,
        "2-0-1": 0.168,
        "2-1-0": 0.104
    },
    "most_common_permutation": "0-1-2"
}