{
    "metrics": {
        "average": {
            "backward_relative_penalty": 0.4226666666666667,
            "count_backward": 1.2680000000000002
        },
        "best": {
            "backward_relative_penalty": 0.3333333333333333,
            "count_backward": 1
        }
    },
    "permutation_map": {
        "0-1-2": 0.345,
        "0-2-1": 0.153,
        "1-0-2": 0.174,
        "1-2-0": 0.061,
        "2-0-1": 0.142,
        "2-1-0": 0.125
    },
    "most_common_permutation": "0-1-2"
}