{
    "metrics": {
        "average": {
            "backward_relative_penalty": 0.4323333333333334,
            "count_backward": 1.2970000000000004
        },
        "best": {
            "backward_relative_penalty": 0.3333333333333333,
            "count_backward": 1
        }
    },
    "permutation_map": {
        "0-1-2": 0.317,
        "0-2-1": 0.145,
        "1-0-2": 0.19,
        "1-2-0": 0.063,
        "2-0-1": 0.159,
        "2-1-0": 0.126
    },
    "most_common_permutation": "0-1-2"
}