{
    "metrics": {
        "average": {
            "backward_relative_penalty": 0.3609999999999999,
            "count_backward": 1.0829999999999997
        },
        "best": {
            "backward_relative_penalty": 0.3333333333333333,
            "count_backward": 1
        }
    },
    "permutation_map": {
        "0-1-2": 0.319,
        "0-2-1": 0.224,
        "1-0-2": 0.145,
        "1-2-0": 0.045,
        "2-0-1": 0.195,
        "2-1-0": 0.072
    },
    "most_common_permutation": "0-1-2"
}