{
    "metrics": {
        "average": {
            "backward_relative_penalty": 0.42900000000000005,
            "count_backward": 1.2869999999999997
        },
        "best": {
            "backward_relative_penalty": 0.3333333333333333,
            "count_backward": 1
        }
    },
    "permutation_map": {
        "0-1-2": 0.33,
        "0-2-1": 0.152,
        "1-0-2": 0.195,
        "1-2-0": 0.067,
        "2-0-1": 0.146,
        "2-1-0": 0.11
    },
    "most_common_permutation": "0-1-2"
}