{
    "metrics": {
        "average": {
            "backward_relative_penalty": 0.39433333333333337,
            "count_backward": 1.183
        },
        "best": {
            "backward_relative_penalty": 0.3333333333333333,
            "count_backward": 1
        }
    },
    "permutation_map": {
        "0-1-2": 0.33,
        "0-2-1": 0.188,
        "1-0-2": 0.143,
        "1-2-0": 0.061,
        "2-0-1": 0.172,
        "2-1-0": 0.106
    },
    "most_common_permutation": "0-1-2"
}