{
    "metrics": {
        "average": {
            "backward_relative_penalty": 0.38699999999999984,
            "count_backward": 1.1609999999999996
        },
        "best": {
            "backward_relative_penalty": 0.3333333333333333,
            "count_backward": 1
        }
    },
    "permutation_map": {
        "0-1-2": 0.33,
        "0-2-1": 0.193,
        "1-0-2": 0.158,
        "1-2-0": 0.051,
        "2-0-1": 0.174,
        "2-1-0": 0.094
    },
    "most_common_permutation": "0-1-2"
}