{
    "metrics": {
        "average": {
            "backward_relative_penalty": 0.42399999999999993,
            "count_backward": 1.2719999999999998
        },
        "best": {
            "backward_relative_penalty": 0.3333333333333333,
            "count_backward": 1
        }
    },
    "permutation_map": {
        "0-1-2": 0.322,
        "0-2-1": 0.16,
        "1-0-2": 0.183,
        "1-2-0": 0.063,
        "2-0-1": 0.149,
        "2-1-0": 0.123
    },
    "most_common_permutation": "0-1-2"
}