{
    "metrics": {
        "average": {
            "backward_relative_penalty": 0.4333333333333333,
            "count_backward": 1.3
        },
        "best": {
            "backward_relative_penalty": 0.3333333333333333,
            "count_backward": 1
        }
    },
    "permutation_map": {
        "0-1-2": 0.345,
        "0-2-1": 0.13,
        "1-0-2": 0.174,
        "1-2-0": 0.058,
        "2-0-1": 0.153,
        "2-1-0": 0.14
    },
    "most_common_permutation": "0-1-2"
}