{
    "metrics": {
        "average": {
            "backward_relative_penalty": 0.43766666666666665,
            "count_backward": 1.313
        },
        "best": {
            "backward_relative_penalty": 0.3333333333333333,
            "count_backward": 1
        }
    },
    "permutation_map": {
        "0-1-2": 0.363,
        "0-2-1": 0.121,
        "1-0-2": 0.175,
        "1-2-0": 0.065,
        "2-0-1": 0.147,
        "2-1-0": 0.129
    },
    "most_common_permutation": "0-1-2"
}