{
    "metrics": {
        "average": {
            "backward_relative_penalty": 0.3856666666666665,
            "count_backward": 1.157
        },
        "best": {
            "backward_relative_penalty": 0.3333333333333333,
            "count_backward": 1
        }
    },
    "permutation_map": {
        "0-1-2": 0.342,
        "0-2-1": 0.196,
        "1-0-2": 0.143,
        "1-2-0": 0.053,
        "2-0-1": 0.162,
        "2-1-0": 0.104
    },
    "most_common_permutation": "0-1-2"
}