{
    "metrics": {
        "average": {
            "backward_relative_penalty": 0.21739130434782608,
            "count_backward": 5.0,
            "posterior_parent_ratio": 0.2
        },
        "best": {
            "backward_relative_penalty": 0.21739130434782608,
            "count_backward": 5,
            "posterior_parent_ratio": 0.2
        }
    },
    "permutation_map": {
        "11-7-0-14-10-12-2-9-16-1-3-17-6-19-8-15-13-5-18-4": 1.0
    },
    "most_common_permutation": "11-7-0-14-10-12-2-9-16-1-3-17-6-19-8-15-13-5-18-4"
}