{
    "metrics": {
        "average": {
            "backward_relative_penalty": 0.16666666666666666,
            "count_backward": 4.0,
            "posterior_parent_ratio": 0.15
        },
        "best": {
            "backward_relative_penalty": 0.16666666666666666,
            "count_backward": 4,
            "posterior_parent_ratio": 0.15
        }
    },
    "permutation_map": {
        "16-3-8-13-6-0-14-18-17-5-1-9-2-10-11-19-7-12-4-15": 1.0
    },
    "most_common_permutation": "16-3-8-13-6-0-14-18-17-5-1-9-2-10-11-19-7-12-4-15"
}