{
    "metrics": {
        "average": {
            "backward_relative_penalty": 0.30434782608695654,
            "count_backward": 7.0,
            "posterior_parent_ratio": 0.35
        },
        "best": {
            "backward_relative_penalty": 0.30434782608695654,
            "count_backward": 7,
            "posterior_parent_ratio": 0.35
        }
    },
    "permutation_map": {
        "7-0-17-19-2-9-16-4-3-18-8-13-1-10-5-12-14-15-6-11": 1.0
    },
    "most_common_permutation": "7-0-17-19-2-9-16-4-3-18-8-13-1-10-5-12-14-15-6-11"
}