{
    "metrics": {
        "average": {
            "backward_relative_penalty": 0.391304347826087,
            "count_backward": 9.0,
            "posterior_parent_ratio": 0.45
        },
        "best": {
            "backward_relative_penalty": 0.391304347826087,
            "count_backward": 9,
            "posterior_parent_ratio": 0.45
        }
    },
    "permutation_map": {
        "12-10-1-14-13-2-15-19-7-17-9-4-6-5-11-3-18-8-0-16": 1.0
    },
    "most_common_permutation": "12-10-1-14-13-2-15-19-7-17-9-4-6-5-11-3-18-8-0-16"
}