{
    "metrics": {
        "average": {
            "backward_relative_penalty": 0.11764705882352941,
            "count_backward": 2.0,
            "posterior_parent_ratio": 0.18181818181818182
        },
        "best": {
            "backward_relative_penalty": 0.11764705882352941,
            "count_backward": 2,
            "posterior_parent_ratio": 0.18181818181818182
        }
    },
    "permutation_map": {
        "8-4-7-2-0-9-1-6-5-3-10": 1.0
    },
    "most_common_permutation": "8-4-7-2-0-9-1-6-5-3-10"
}