{
    "metrics": {
        "average": {
            "backward_relative_penalty": 0.058823529411764705,
            "count_backward": 2.0,
            "posterior_parent_ratio": 0.1
        },
        "best": {
            "backward_relative_penalty": 0.058823529411764705,
            "count_backward": 2,
            "posterior_parent_ratio": 0.1
        }
    },
    "permutation_map": {
        "13-15-18-1-16-7-9-4-17-6-8-0-12-19-11-5-10-3-14-2": 1.0
    },
    "most_common_permutation": "13-15-18-1-16-7-9-4-17-6-8-0-12-19-11-5-10-3-14-2"
}