{
    "metrics": {
        "average": {
            "backward_relative_penalty": 0.045454545454545456,
            "count_backward": 1.0,
            "posterior_parent_ratio": 0.05
        },
        "best": {
            "backward_relative_penalty": 0.045454545454545456,
            "count_backward": 1,
            "posterior_parent_ratio": 0.05
        }
    },
    "permutation_map": {
        "12-16-4-7-9-2-1-19-6-8-13-17-3-0-5-15-10-14-18-11": 1.0
    },
    "most_common_permutation": "12-16-4-7-9-2-1-19-6-8-13-17-3-0-5-15-10-14-18-11"
}