{
    "metrics": {
        "average": {
            "backward_relative_penalty": 0.058823529411764705,
            "count_backward": 1.0,
            "posterior_parent_ratio": 0.09090909090909091
        },
        "best": {
            "backward_relative_penalty": 0.058823529411764705,
            "count_backward": 1,
            "posterior_parent_ratio": 0.09090909090909091
        }
    },
    "permutation_map": {
        "7-8-2-4-0-9-1-3-5-10-6": 1.0
    },
    "most_common_permutation": "7-8-2-4-0-9-1-3-5-10-6"
}