{
    "metrics": {
        "average": {
            "backward_relative_penalty": 0.23529411764705882,
            "count_backward": 4.0,
            "posterior_parent_ratio": 0.36363636363636365
        },
        "best": {
            "backward_relative_penalty": 0.23529411764705882,
            "count_backward": 4,
            "posterior_parent_ratio": 0.36363636363636365
        }
    },
    "permutation_map": {
        "2-7-9-4-0-8-1-3-6-5-10": 1.0
    },
    "most_common_permutation": "2-7-9-4-0-8-1-3-6-5-10"
}