{
    "metrics": {
        "average": {
            "backward_relative_penalty": 0.29411764705882354,
            "count_backward": 5.0,
            "posterior_parent_ratio": 0.36363636363636365
        },
        "best": {
            "backward_relative_penalty": 0.29411764705882354,
            "count_backward": 5,
            "posterior_parent_ratio": 0.36363636363636365
        }
    },
    "permutation_map": {
        "0-2-7-4-9-8-3-5-1-10-6": 1.0
    },
    "most_common_permutation": "0-2-7-4-9-8-3-5-1-10-6"
}