{
    "metrics": {
        "average": {
            "backward_relative_penalty": 0.6956521739130435,
            "count_backward": 16.0,
            "posterior_parent_ratio": 0.65
        },
        "best": {
            "backward_relative_penalty": 0.6956521739130435,
            "count_backward": 16,
            "posterior_parent_ratio": 0.65
        }
    },
    "permutation_map": {
        "11-14-19-4-6-17-15-10-13-16-18-9-5-2-8-7-1-12-0-3": 1.0
    },
    "most_common_permutation": "11-14-19-4-6-17-15-10-13-16-18-9-5-2-8-7-1-12-0-3"
}