{
    "metrics": {
        "average": {
            "backward_relative_penalty": 0.29411764705882354,
            "count_backward": 5.0,
            "posterior_parent_ratio": 0.45454545454545453
        },
        "best": {
            "backward_relative_penalty": 0.29411764705882354,
            "count_backward": 5,
            "posterior_parent_ratio": 0.45454545454545453
        }
    },
    "permutation_map": {
        "7-9-2-4-0-8-6-3-5-10-1": 1.0
    },
    "most_common_permutation": "7-9-2-4-0-8-6-3-5-10-1"
}