{
    "metrics": {
        "average": {
            "backward_relative_penalty": 0.058823529411764705,
            "count_backward": 2.0,
            "posterior_parent_ratio": 0.1
        },
        "best": {
            "backward_relative_penalty": 0.058823529411764705,
            "count_backward": 2,
            "posterior_parent_ratio": 0.1
        }
    },
    "permutation_map": {
        "18-15-13-4-9-0-7-17-2-8-1-14-11-6-3-12-5-16-10-19": 1.0
    },
    "most_common_permutation": "18-15-13-4-9-0-7-17-2-8-1-14-11-6-3-12-5-16-10-19"
}