{
    "metrics": {
        "average": {
            "backward_relative_penalty": 0.4117647058823529,
            "count_backward": 7.0,
            "posterior_parent_ratio": 0.5454545454545454
        },
        "best": {
            "backward_relative_penalty": 0.4117647058823529,
            "count_backward": 7,
            "posterior_parent_ratio": 0.5454545454545454
        }
    },
    "permutation_map": {
        "0-4-7-2-9-8-3-6-5-10-1": 1.0
    },
    "most_common_permutation": "0-4-7-2-9-8-3-6-5-10-1"
}