{
    "metrics": {
        "average": {
            "backward_relative_penalty": 0.7272727272727273,
            "count_backward": 16.0,
            "posterior_parent_ratio": 0.75
        },
        "best": {
            "backward_relative_penalty": 0.7272727272727273,
            "count_backward": 16,
            "posterior_parent_ratio": 0.75
        }
    },
    "permutation_map": {
        "9-7-5-10-16-8-2-1-19-6-14-11-13-15-0-18-17-4-3-12": 1.0
    },
    "most_common_permutation": "9-7-5-10-16-8-2-1-19-6-14-11-13-15-0-18-17-4-3-12"
}