{
    "metrics": {
        "average": {
            "backward_relative_penalty": 0.13636363636363635,
            "count_backward": 3.0,
            "posterior_parent_ratio": 0.15
        },
        "best": {
            "backward_relative_penalty": 0.13636363636363635,
            "count_backward": 3,
            "posterior_parent_ratio": 0.15
        }
    },
    "permutation_map": {
        "18-6-10-7-1-5-17-12-2-14-8-9-3-4-13-0-16-11-15-19": 1.0
    },
    "most_common_permutation": "18-6-10-7-1-5-17-12-2-14-8-9-3-4-13-0-16-11-15-19"
}