{
    "metrics": {
        "average": {
            "backward_relative_penalty": 0.09090909090909091,
            "count_backward": 2.0,
            "posterior_parent_ratio": 0.1
        },
        "best": {
            "backward_relative_penalty": 0.09090909090909091,
            "count_backward": 2,
            "posterior_parent_ratio": 0.1
        }
    },
    "permutation_map": {
        "10-12-7-16-0-2-8-19-1-15-11-6-13-9-4-18-3-17-5-14": 1.0
    },
    "most_common_permutation": "10-12-7-16-0-2-8-19-1-15-11-6-13-9-4-18-3-17-5-14"
}