{
    "metrics": {
        "average": {
            "backward_relative_penalty": 0.35294117647058826,
            "count_backward": 6.0,
            "posterior_parent_ratio": 0.36363636363636365
        },
        "best": {
            "backward_relative_penalty": 0.35294117647058826,
            "count_backward": 6,
            "posterior_parent_ratio": 0.36363636363636365
        }
    },
    "permutation_map": {
        "9-0-2-7-4-8-5-3-6-10-1": 1.0
    },
    "most_common_permutation": "9-0-2-7-4-8-5-3-6-10-1"
}