{
    "metrics": {
        "average": {
            "backward_relative_penalty": 0.22727272727272727,
            "count_backward": 5.0,
            "posterior_parent_ratio": 0.25
        },
        "best": {
            "backward_relative_penalty": 0.22727272727272727,
            "count_backward": 5,
            "posterior_parent_ratio": 0.25
        }
    },
    "permutation_map": {
        "9-15-2-1-19-11-5-12-4-18-3-0-8-7-6-16-13-17-14-10": 1.0
    },
    "most_common_permutation": "9-15-2-1-19-11-5-12-4-18-3-0-8-7-6-16-13-17-14-10"
}