{
    "metrics": {
        "average": {
            "backward_relative_penalty": 0.08333333333333333,
            "count_backward": 2.0,
            "posterior_parent_ratio": 0.1
        },
        "best": {
            "backward_relative_penalty": 0.08333333333333333,
            "count_backward": 2,
            "posterior_parent_ratio": 0.1
        }
    },
    "permutation_map": {
        "2-12-13-18-17-6-11-0-3-1-5-8-4-7-9-10-15-16-14-19": 1.0
    },
    "most_common_permutation": "2-12-13-18-17-6-11-0-3-1-5-8-4-7-9-10-15-16-14-19"
}