{
    "metrics": {
        "average": {
            "backward_relative_penalty": 0.09090909090909091,
            "count_backward": 2.0,
            "posterior_parent_ratio": 0.1
        },
        "best": {
            "backward_relative_penalty": 0.09090909090909091,
            "count_backward": 2,
            "posterior_parent_ratio": 0.1
        }
    },
    "permutation_map": {
        "10-12-7-16-2-1-8-5-13-0-15-19-17-9-4-11-3-6-14-18": 1.0
    },
    "most_common_permutation": "10-12-7-16-2-1-8-5-13-0-15-19-17-9-4-11-3-6-14-18"
}