{
    "metrics": {
        "average": {
            "backward_relative_penalty": 0.23529411764705882,
            "count_backward": 8.0,
            "posterior_parent_ratio": 0.3
        },
        "best": {
            "backward_relative_penalty": 0.23529411764705882,
            "count_backward": 8,
            "posterior_parent_ratio": 0.3
        }
    },
    "permutation_map": {
        "16-13-7-15-9-18-8-11-19-1-17-14-2-4-5-12-10-6-0-3": 1.0
    },
    "most_common_permutation": "16-13-7-15-9-18-8-11-19-1-17-14-2-4-5-12-10-6-0-3"
}