{
    "metrics": {
        "average": {
            "backward_relative_penalty": 0.29411764705882354,
            "count_backward": 5.0,
            "posterior_parent_ratio": 0.36363636363636365
        },
        "best": {
            "backward_relative_penalty": 0.29411764705882354,
            "count_backward": 5,
            "posterior_parent_ratio": 0.36363636363636365
        }
    },
    "permutation_map": {
        "9-7-2-4-0-8-1-3-6-10-5": 1.0
    },
    "most_common_permutation": "9-7-2-4-0-8-1-3-6-10-5"
}