{
    "metrics": {
        "average": {
            "backward_relative_penalty": 0.35294117647058826,
            "count_backward": 6.0,
            "posterior_parent_ratio": 0.36363636363636365
        },
        "best": {
            "backward_relative_penalty": 0.35294117647058826,
            "count_backward": 6,
            "posterior_parent_ratio": 0.36363636363636365
        }
    },
    "permutation_map": {
        "0-9-7-2-8-4-6-3-1-5-10": 1.0
    },
    "most_common_permutation": "0-9-7-2-8-4-6-3-1-5-10"
}