{
    "metrics": {
        "average": {
            "backward_relative_penalty": 0.4117647058823529,
            "count_backward": 7.0,
            "posterior_parent_ratio": 0.45454545454545453
        },
        "best": {
            "backward_relative_penalty": 0.4117647058823529,
            "count_backward": 7,
            "posterior_parent_ratio": 0.45454545454545453
        }
    },
    "permutation_map": {
        "0-9-2-7-4-8-6-3-5-1-10": 1.0
    },
    "most_common_permutation": "0-9-2-7-4-8-6-3-5-1-10"
}