{
    "metrics": {
        "average": {
            "backward_relative_penalty": 0.15789473684210525,
            "count_backward": 3.0,
            "posterior_parent_ratio": 0.15
        },
        "best": {
            "backward_relative_penalty": 0.15789473684210525,
            "count_backward": 3,
            "posterior_parent_ratio": 0.15
        }
    },
    "permutation_map": {
        "16-17-0-2-7-13-3-6-10-15-19-12-9-14-1-11-18-8-4-5": 1.0
    },
    "most_common_permutation": "16-17-0-2-7-13-3-6-10-15-19-12-9-14-1-11-18-8-4-5"
}