{
    "metrics": {
        "average": {
            "backward_relative_penalty": 0.4782608695652174,
            "count_backward": 11.0,
            "posterior_parent_ratio": 0.5
        },
        "best": {
            "backward_relative_penalty": 0.4782608695652174,
            "count_backward": 11,
            "posterior_parent_ratio": 0.5
        }
    },
    "permutation_map": {
        "14-2-10-4-16-3-17-11-13-9-19-8-6-0-5-15-1-7-18-12": 1.0
    },
    "most_common_permutation": "14-2-10-4-16-3-17-11-13-9-19-8-6-0-5-15-1-7-18-12"
}