{
    "metrics": {
        "average": {
            "backward_relative_penalty": 0.35294117647058826,
            "count_backward": 6.0,
            "posterior_parent_ratio": 0.5454545454545454
        },
        "best": {
            "backward_relative_penalty": 0.35294117647058826,
            "count_backward": 6,
            "posterior_parent_ratio": 0.5454545454545454
        }
    },
    "permutation_map": {
        "4-7-2-9-0-8-6-3-10-5-1": 1.0
    },
    "most_common_permutation": "4-7-2-9-0-8-6-3-10-5-1"
}